Hour,x_t_MWh,c_t
1,0.0,760
2,0.0,740
3,0.0,720
4,0.0,710
5,0.0,720
6,0.0,770
7,0.0,830
8,0.0,900
9,0.0,940
10,0.0,920
11,0.0,900
12,0.0,880
13,0.0,870
14,60.4373234354646,860
15,179.784900240273,860
16,147.337021434009,880
17,80.6691791864051,930
18,42.2981761263673,990
19,0.0,1010
20,102.999597455214,990
21,0.0,950
22,57.4611245087534,900
23,0.0,860
24,49.4934076919969,820
